{"base_lr": 4.9058558558558554e-05, "lr": 4.9058558558558554e-05, "data_time": 0.13283299922943115, "loss": 2.2129803705215454, "loss_kpt": 2.2129803705215454, "acc_pose": 0.010372771607376879, "time": 0.4680590295791626, "grad_norm": 0.3358924466371536, "epoch": 1, "iter": 50, "memory": 9667, "step": 50}
{"base_lr": 9.910810810810796e-05, "lr": 9.910810810810796e-05, "data_time": 0.09687438488006592, "loss": 2.1608363008499145, "loss_kpt": 2.1608363008499145, "acc_pose": 0.017478753919973954, "time": 0.34311755657196047, "grad_norm": 0.3100492250919342, "epoch": 1, "iter": 100, "memory": 9705, "step": 100}
{"base_lr": 0.00014915765765765747, "lr": 0.00014915765765765747, "data_time": 0.09485771179199219, "loss": 2.128070526123047, "loss_kpt": 2.128070526123047, "acc_pose": 0.027756842557457796, "time": 0.3428850364685059, "grad_norm": 0.3319046637415886, "epoch": 1, "iter": 150, "memory": 9874, "step": 150}
{"base_lr": 0.000199207207207207, "lr": 0.000199207207207207, "data_time": 0.10512206554412842, "loss": 2.077924060821533, "loss_kpt": 2.077924060821533, "acc_pose": 0.04721058678470381, "time": 0.34943056106567383, "grad_norm": 0.48770068705081937, "epoch": 1, "iter": 200, "memory": 9871, "step": 200}
{"base_lr": 0.00024925675675675627, "lr": 0.00024925675675675627, "data_time": 0.09930251121520996, "loss": 2.0154297089576723, "loss_kpt": 2.0154297089576723, "acc_pose": 0.07357822279220595, "time": 0.34456480979919435, "grad_norm": 0.6510377985239029, "epoch": 1, "iter": 250, "memory": 10356, "step": 250}
{"base_lr": 0.00029930630630630557, "lr": 0.00029930630630630557, "data_time": 0.11473587989807128, "loss": 1.9168875670433045, "loss_kpt": 1.9168875670433045, "acc_pose": 0.1283830208823857, "time": 0.35673763275146486, "grad_norm": 0.7749455142021179, "epoch": 1, "iter": 300, "memory": 8973, "step": 300}
{"base_lr": 0.0003493558558558549, "lr": 0.0003493558558558549, "data_time": 0.10211583614349365, "loss": 1.7865766739845277, "loss_kpt": 1.7865766739845277, "acc_pose": 0.1822027622717151, "time": 0.3434652090072632, "grad_norm": 0.880413658618927, "epoch": 1, "iter": 350, "memory": 10768, "step": 350}
{"base_lr": 0.00042443018018017867, "lr": 0.00042443018018017867, "data_time": 0.1389099645614624, "loss": 1.6557045316696166, "loss_kpt": 1.6557045316696166, "acc_pose": 0.25488396124306273, "time": 0.3869312047958374, "grad_norm": 0.9508630013465882, "epoch": 2, "iter": 425, "memory": 9876, "step": 425}
{"base_lr": 0.00047447972972972763, "lr": 0.00047447972972972763, "data_time": 0.1036223030090332, "loss": 1.5907165026664734, "loss_kpt": 1.5907165026664734, "acc_pose": 0.30553966639450464, "time": 0.3503561067581177, "grad_norm": 0.9655640852451325, "epoch": 2, "iter": 475, "memory": 10138, "step": 475}
{"base_lr": 0.0005245292792792771, "lr": 0.0005245292792792771, "data_time": 0.09806053161621094, "loss": 1.5340999913215638, "loss_kpt": 1.5340999913215638, "acc_pose": 0.3341943460863959, "time": 0.34071773052215576, "grad_norm": 0.9419388902187348, "epoch": 2, "iter": 525, "memory": 9427, "step": 525}
{"base_lr": 0.0005745788288288265, "lr": 0.0005745788288288265, "data_time": 0.12668025016784668, "loss": 1.5021527934074401, "loss_kpt": 1.5021527934074401, "acc_pose": 0.37709413980620515, "time": 0.3684964084625244, "grad_norm": 0.9093321132659912, "epoch": 2, "iter": 575, "memory": 10590, "step": 575}
{"base_lr": 0.0006246283783783754, "lr": 0.0006246283783783754, "data_time": 0.10319855690002441, "loss": 1.4689430618286132, "loss_kpt": 1.4689430618286132, "acc_pose": 0.38455075835235203, "time": 0.3516343450546265, "grad_norm": 0.9253679251670838, "epoch": 2, "iter": 625, "memory": 9427, "step": 625}
{"base_lr": 0.0006746779279279243, "lr": 0.0006746779279279243, "data_time": 0.09915896892547607, "loss": 1.4332709074020387, "loss_kpt": 1.4332709074020387, "acc_pose": 0.4199157683863612, "time": 0.34155566692352296, "grad_norm": 0.929679878950119, "epoch": 2, "iter": 675, "memory": 9034, "step": 675}
{"base_lr": 0.0007247274774774739, "lr": 0.0007247274774774739, "data_time": 0.12561540126800538, "loss": 1.4116384553909302, "loss_kpt": 1.4116384553909302, "acc_pose": 0.424394235411325, "time": 0.3656033706665039, "grad_norm": 0.8882984280586242, "epoch": 2, "iter": 725, "memory": 9866, "step": 725}
{"base_lr": 0.0007998018018017967, "lr": 0.0007998018018017967, "data_time": 0.12607826709747313, "loss": 1.3757392215728759, "loss_kpt": 1.3757392215728759, "acc_pose": 0.41413887053025783, "time": 0.37171010971069335, "grad_norm": 0.8256915450096131, "epoch": 3, "iter": 800, "memory": 8816, "step": 800}
{"base_lr": 0.0008498513513513455, "lr": 0.0008498513513513455, "data_time": 0.11767681121826172, "loss": 1.3511982488632202, "loss_kpt": 1.3511982488632202, "acc_pose": 0.47901020002139755, "time": 0.36136698722839355, "grad_norm": 0.8077806568145752, "epoch": 3, "iter": 850, "memory": 10088, "step": 850}
{"base_lr": 0.0008999009009008942, "lr": 0.0008999009009008942, "data_time": 0.10279802322387695, "loss": 1.3338086199760437, "loss_kpt": 1.3338086199760437, "acc_pose": 0.4666885473016275, "time": 0.34176706314086913, "grad_norm": 0.7646193814277649, "epoch": 3, "iter": 900, "memory": 9642, "step": 900}
