{"base_lr": 4.21712456655108e-05, "lr": 4.21712456655108e-05, "data_time": 0.3632545042037964, "grad_norm": 0.7286348116397857, "loss": 2.19107723236084, "loss_kpt": 2.19107723236084, "acc_pose": 0.02283968054557406, "time": 0.8343909883499145, "epoch": 1, "iter": 50, "memory": 10993, "step": 50}
{"base_lr": 8.214190450786879e-05, "lr": 8.214190450786879e-05, "data_time": 0.2877402448654175, "grad_norm": 0.7391905260086059, "loss": 2.029636037349701, "loss_kpt": 2.029636037349701, "acc_pose": 0.029466000858872732, "time": 0.6339121389389039, "epoch": 1, "iter": 100, "memory": 12317, "step": 100}
{"base_lr": 0.0001221125633502268, "lr": 0.0001221125633502268, "data_time": 0.28894285678863524, "grad_norm": 1.2423605525493622, "loss": 1.964823751449585, "loss_kpt": 1.964823751449585, "acc_pose": 0.08578176653280799, "time": 0.6228668403625488, "epoch": 1, "iter": 150, "memory": 10776, "step": 150}
