{"base_lr": 4.9058558558558554e-05, "lr": 4.9058558558558554e-05, "data_time": 0.16801321029663085, "grad_norm": 0.7293058443069458, "loss": 2.191297345161438, "loss_kpt": 2.191297345161438, "acc_pose": 0.020726157029833787, "time": 0.4083338022232056, "epoch": 1, "iter": 50, "memory": 6085, "step": 50}
{"base_lr": 9.910810810810796e-05, "lr": 9.910810810810796e-05, "data_time": 0.09918203353881835, "grad_norm": 0.7097084498405457, "loss": 2.025777859687805, "loss_kpt": 2.025777859687805, "acc_pose": 0.03815665689277158, "time": 0.2527943706512451, "epoch": 1, "iter": 100, "memory": 6759, "step": 100}
{"base_lr": 0.00014915765765765747, "lr": 0.00014915765765765747, "data_time": 0.09855107307434081, "grad_norm": 1.1814514315128326, "loss": 1.9584931659698486, "loss_kpt": 1.9584931659698486, "acc_pose": 0.08860836706290036, "time": 0.2487651777267456, "epoch": 1, "iter": 150, "memory": 5862, "step": 150}
{"base_lr": 0.000199207207207207, "lr": 0.000199207207207207, "data_time": 0.12802488327026368, "grad_norm": 1.6642863798141478, "loss": 1.8351418328285218, "loss_kpt": 1.8351418328285218, "acc_pose": 0.16872151789795378, "time": 0.2782489967346191, "epoch": 1, "iter": 200, "memory": 6533, "step": 200}
