{"base_lr": 4.9058558558558554e-05, "lr": 4.9058558558558554e-05, "data_time": 0.1604856252670288, "loss": 2.2123175621032716, "loss_kpt": 2.2123175621032716, "acc_pose": 0.015483661469553316, "time": 0.39528670310974123, "grad_norm": 0.5213688468933105, "epoch": 1, "iter": 50, "memory": 6085, "step": 50}
{"base_lr": 9.910810810810796e-05, "lr": 9.910810810810796e-05, "data_time": 0.10057162761688232, "loss": 2.078902635574341, "loss_kpt": 2.078902635574341, "acc_pose": 0.030121402443652193, "time": 0.24938303470611572, "grad_norm": 0.5494658946990967, "epoch": 1, "iter": 100, "memory": 6773, "step": 100}
{"base_lr": 0.00014915765765765747, "lr": 0.00014915765765765747, "data_time": 0.10762270927429199, "loss": 2.0122920298576354, "loss_kpt": 2.0122920298576354, "acc_pose": 0.04016141608589557, "time": 0.2501361894607544, "grad_norm": 0.5506014657020569, "epoch": 1, "iter": 150, "memory": 5873, "step": 150}
{"base_lr": 0.000199207207207207, "lr": 0.000199207207207207, "data_time": 0.12577404022216798, "loss": 1.9530199241638184, "loss_kpt": 1.9530199241638184, "acc_pose": 0.08061352334099878, "time": 0.26875672817230223, "grad_norm": 0.7016265559196472, "epoch": 1, "iter": 200, "memory": 6544, "step": 200}
{"base_lr": 0.00024925675675675627, "lr": 0.00024925675675675627, "data_time": 0.10304521083831787, "loss": 1.8435114073753356, "loss_kpt": 1.8435114073753356, "acc_pose": 0.1282233641640443, "time": 0.25231956481933593, "grad_norm": 1.068210096359253, "epoch": 1, "iter": 250, "memory": 5667, "step": 250}
{"base_lr": 0.00029930630630630557, "lr": 0.00029930630630630557, "data_time": 0.1040427589416504, "loss": 1.7186019325256348, "loss_kpt": 1.7186019325256348, "acc_pose": 0.2519225826786464, "time": 0.2501197671890259, "grad_norm": 1.3119840002059937, "epoch": 1, "iter": 300, "memory": 5880, "step": 300}
{"base_lr": 0.0003493558558558549, "lr": 0.0003493558558558549, "data_time": 0.12242804527282715, "loss": 1.6060044407844543, "loss_kpt": 1.6060044407844543, "acc_pose": 0.3194891446466067, "time": 0.26892555713653565, "grad_norm": 1.3618950819969178, "epoch": 1, "iter": 350, "memory": 5876, "step": 350}
{"base_lr": 0.00042443018018017867, "lr": 0.00042443018018017867, "data_time": 0.1292198133468628, "loss": 1.4859857749938965, "loss_kpt": 1.4859857749938965, "acc_pose": 0.41515801512748834, "time": 0.2763770437240601, "grad_norm": 1.3840588092803956, "epoch": 2, "iter": 425, "memory": 6540, "step": 425}
{"base_lr": 0.00047447972972972763, "lr": 0.00047447972972972763, "data_time": 0.10973784446716309, "loss": 1.4172427821159364, "loss_kpt": 1.4172427821159364, "acc_pose": 0.48725053609368724, "time": 0.25473451137542724, "grad_norm": 1.3934063172340394, "epoch": 2, "iter": 475, "memory": 5429, "step": 475}
{"base_lr": 0.0005245292792792771, "lr": 0.0005245292792792771, "data_time": 0.1015212106704712, "loss": 1.3641572713851928, "loss_kpt": 1.3641572713851928, "acc_pose": 0.48189509752896476, "time": 0.24529529571533204, "grad_norm": 1.3989666724205017, "epoch": 2, "iter": 525, "memory": 5876, "step": 525}
{"base_lr": 0.0005745788288288265, "lr": 0.0005745788288288265, "data_time": 0.12158560752868652, "loss": 1.3204446506500245, "loss_kpt": 1.3204446506500245, "acc_pose": 0.5261515310627023, "time": 0.2653363561630249, "grad_norm": 1.3836302709579469, "epoch": 2, "iter": 575, "memory": 5435, "step": 575}
{"base_lr": 0.0006246283783783754, "lr": 0.0006246283783783754, "data_time": 0.10769501209259033, "loss": 1.2761373829841614, "loss_kpt": 1.2761373829841614, "acc_pose": 0.5615419350615304, "time": 0.2518785524368286, "grad_norm": 1.3599388360977174, "epoch": 2, "iter": 625, "memory": 6079, "step": 625}
{"base_lr": 0.0006746779279279243, "lr": 0.0006746779279279243, "data_time": 0.10958611011505127, "loss": 1.2297142934799195, "loss_kpt": 1.2297142934799195, "acc_pose": 0.6571905603049774, "time": 0.25475518226623534, "grad_norm": 1.3604111385345459, "epoch": 2, "iter": 675, "memory": 6329, "step": 675}
{"base_lr": 0.0007247274774774739, "lr": 0.0007247274774774739, "data_time": 0.11982900142669678, "loss": 1.2022805261611937, "loss_kpt": 1.2022805261611937, "acc_pose": 0.6620437550528077, "time": 0.2629082679748535, "grad_norm": 1.407489321231842, "epoch": 2, "iter": 725, "memory": 5205, "step": 725}
{"base_lr": 0.0007998018018017967, "lr": 0.0007998018018017967, "data_time": 0.1215199089050293, "loss": 1.1472463774681092, "loss_kpt": 1.1472463774681092, "acc_pose": 0.6684617006789773, "time": 0.2669023084640503, "grad_norm": 1.3256370329856872, "epoch": 3, "iter": 800, "memory": 6327, "step": 800}
